{"train/loss": 1.1304, "train/learning_rate": 1.343283582089552e-05, "train/epoch": 1.0, "train/global_step": 75, "_timestamp": 1684985227.8429804, "_runtime": 110.56440949440002, "_step": 11, "eval/loss": 1.1348758935928345, "eval/runtime": 17.8892, "eval/samples_per_second": 27.95, "eval/steps_per_second": 3.522, "train/train_runtime": 112.6449, "train/train_samples_per_second": 2.663, "train/train_steps_per_second": 0.666, "train/total_flos": 2075493983846400.0, "train/train_loss": 1.1303659852345784, "_wandb": {"runtime": 104}}