{"train/loss": 1.5765, "train/learning_rate": 2.686567164179104e-05, "train/epoch": 1.0, "train/global_step": 75, "_timestamp": 1684983191.5225296, "_runtime": 148.22893953323364, "_step": 11, "eval/loss": 1.4398541450500488, "eval/runtime": 20.2364, "eval/samples_per_second": 24.708, "eval/steps_per_second": 3.113, "train/train_runtime": 150.2015, "train/train_samples_per_second": 1.997, "train/train_steps_per_second": 0.499, "train/total_flos": 2086918721372160.0, "train/train_loss": 1.6151061058044434, "_wandb": {"runtime": 143}}