{"train/loss": 1.3415, "train/learning_rate": 4.365904365904366e-06, "train/epoch": 1.0, "train/global_step": 535, "_timestamp": 1684971670.975152, "_runtime": 26590.885045051575, "_step": 82, "eval/loss": 1.3588610887527466, "eval/runtime": 21.6877, "eval/samples_per_second": 23.055, "eval/steps_per_second": 2.905, "train/train_runtime": 26592.9792, "train/train_samples_per_second": 3.861, "train/train_steps_per_second": 0.02, "train/total_flos": 1.0427586434511667e+18, "train/train_loss": 1.4165327553437135, "_wandb": {"runtime": 26585}}