{"train/loss": 1.7103, "train/learning_rate": 4.82780817508851e-07, "train/epoch": 3.0, "train/global_step": 3453, "_timestamp": 1685078377.252466, "_runtime": 77987.28778100014, "_step": 538, "eval/loss": 1.6897821426391602, "eval/runtime": 20.0869, "eval/samples_per_second": 24.892, "eval/steps_per_second": 3.136, "train/train_runtime": 77989.2766, "train/train_samples_per_second": 11.333, "train/train_steps_per_second": 0.044, "train/total_flos": 8.975913585538499e+18, "train/train_loss": 1.8123318395716814, "_wandb": {"runtime": 77982}}